{
    "overlappig_camera_ids": {},
    "timeRange": {},
    "IGNORE_DETECTION_DICT_MOVING": {
        "10_110_127_164_A1": [
            [
                [
                    -84,
                    -0
                ],
                [
                    -84,
                    -8
                ],
                [
                    -90,
                    -8
                ],
                [
                    -90,
                    -0
                ]
            ]
        ]
    },
    "conflict_cameras_adj_list": {
        "10_110_126_210_A0": [
            "10_110_127_112_A0",
            "10_110_126_136_A0",
            "10_110_126_132_A0",
            "10_110_127_114_A0",
            "10_110_126_131_A0",
            "10_110_127_115_A0",
            "10_110_126_195_A1",
            "10_110_127_110_A1",
            "10_110_127_112_A1",
            "10_110_126_136_A1",
            "10_110_126_132_A1",
            "10_110_127_114_A1",
            "10_110_126_131_A1",
            "10_110_127_115_A1"
        ],
        "10_110_127_109_A0": [
            "10_110_126_195_A0",
            "10_110_127_110_A0",
            "10_110_127_112_A0",
            "10_110_126_136_A0",
            "10_110_126_132_A0",
            "10_110_127_114_A0",
            "10_110_126_131_A0",
            "10_110_127_115_A0",
            "10_110_126_195_A1",
            "10_110_127_110_A1",
            "10_110_127_112_A1",
            "10_110_126_136_A1",
            "10_110_126_132_A1",
            "10_110_127_114_A1",
            "10_110_126_131_A1",
            "10_110_127_115_A1"
        ],
        "10_110_127_111_A0": [
            "10_110_126_195_A0",
            "10_110_127_110_A0",
            "10_110_127_112_A0",
            "10_110_126_136_A0",
            "10_110_126_132_A0",
            "10_110_127_114_A0",
            "10_110_126_131_A0",
            "10_110_127_115_A0",
            "10_110_126_195_A1",
            "10_110_127_110_A1",
            "10_110_127_112_A1",
            "10_110_126_136_A1",
            "10_110_126_132_A1",
            "10_110_127_114_A1",
            "10_110_126_131_A1",
            "10_110_127_115_A1"
        ],
        "10_110_126_135_A0": [
            "10_110_126_195_A0",
            "10_110_127_110_A0",
            "10_110_127_112_A0",
            "10_110_126_136_A0",
            "10_110_126_132_A0",
            "10_110_127_114_A0",
            "10_110_126_131_A0",
            "10_110_127_115_A0",
            "10_110_126_195_A1",
            "10_110_127_110_A1",
            "10_110_127_112_A1",
            "10_110_126_136_A1",
            "10_110_126_132_A1",
            "10_110_127_114_A1",
            "10_110_126_131_A1",
            "10_110_127_115_A1"
        ],
        "10_110_126_134_A0": [
            "10_110_126_195_A0",
            "10_110_127_110_A0",
            "10_110_127_112_A0",
            "10_110_126_136_A0",
            "10_110_126_132_A0",
            "10_110_127_114_A0",
            "10_110_126_131_A0",
            "10_110_127_115_A0",
            "10_110_126_195_A1",
            "10_110_127_110_A1",
            "10_110_127_112_A1",
            "10_110_126_136_A1",
            "10_110_126_132_A1",
            "10_110_127_114_A1",
            "10_110_126_131_A1",
            "10_110_127_115_A1"
        ],
        "10_110_127_113_A0": [
            "10_110_126_195_A0",
            "10_110_127_110_A0",
            "10_110_127_112_A0",
            "10_110_126_136_A0",
            "10_110_126_132_A0",
            "10_110_127_114_A0",
            "10_110_126_131_A0",
            "10_110_127_115_A0",
            "10_110_126_195_A1",
            "10_110_127_110_A1",
            "10_110_127_112_A1",
            "10_110_126_136_A1",
            "10_110_126_132_A1",
            "10_110_127_114_A1",
            "10_110_126_131_A1",
            "10_110_127_115_A1"
        ],
        "10_110_126_129_A0": [
            "10_110_126_195_A0",
            "10_110_127_110_A0",
            "10_110_127_112_A0",
            "10_110_126_136_A0",
            "10_110_126_132_A0",
            "10_110_127_114_A0",
            "10_110_126_131_A0",
            "10_110_127_115_A0",
            "10_110_126_195_A1",
            "10_110_127_110_A1",
            "10_110_127_112_A1",
            "10_110_126_136_A1",
            "10_110_126_132_A1",
            "10_110_127_114_A1",
            "10_110_126_131_A1",
            "10_110_127_115_A1"
        ],
        "10_110_126_210_A1": [
            "10_110_127_112_A0",
            "10_110_126_136_A0",
            "10_110_126_132_A0",
            "10_110_127_114_A0",
            "10_110_126_131_A0",
            "10_110_127_115_A0",
            "10_110_126_195_A1",
            "10_110_127_110_A1",
            "10_110_127_112_A1",
            "10_110_126_136_A1",
            "10_110_126_132_A1",
            "10_110_127_114_A1",
            "10_110_126_131_A1",
            "10_110_127_115_A1"
        ],
        "10_110_127_109_A1": [
            "10_110_126_195_A0",
            "10_110_127_110_A0",
            "10_110_127_112_A0",
            "10_110_126_136_A0",
            "10_110_126_132_A0",
            "10_110_127_114_A0",
            "10_110_126_131_A0",
            "10_110_127_115_A0",
            "10_110_126_195_A1",
            "10_110_127_110_A1",
            "10_110_127_112_A1",
            "10_110_126_136_A1",
            "10_110_126_132_A1",
            "10_110_127_114_A1",
            "10_110_126_131_A1",
            "10_110_127_115_A1"
        ],
        "10_110_127_111_A1": [
            "10_110_126_195_A0",
            "10_110_127_110_A0",
            "10_110_127_112_A0",
            "10_110_126_136_A0",
            "10_110_126_132_A0",
            "10_110_127_114_A0",
            "10_110_126_131_A0",
            "10_110_127_115_A0",
            "10_110_126_195_A1",
            "10_110_127_110_A1",
            "10_110_127_112_A1",
            "10_110_126_136_A1",
            "10_110_126_132_A1",
            "10_110_127_114_A1",
            "10_110_126_131_A1",
            "10_110_127_115_A1"
        ],
        "10_110_126_135_A1": [
            "10_110_126_195_A0",
            "10_110_127_110_A0",
            "10_110_127_112_A0",
            "10_110_126_136_A0",
            "10_110_126_132_A0",
            "10_110_127_114_A0",
            "10_110_126_131_A0",
            "10_110_127_115_A0",
            "10_110_126_195_A1",
            "10_110_127_110_A1",
            "10_110_127_112_A1",
            "10_110_126_136_A1",
            "10_110_126_132_A1",
            "10_110_127_114_A1",
            "10_110_126_131_A1",
            "10_110_127_115_A1"
        ],
        "10_110_126_134_A1": [
            "10_110_126_195_A0",
            "10_110_127_110_A0",
            "10_110_127_112_A0",
            "10_110_126_136_A0",
            "10_110_126_132_A0",
            "10_110_127_114_A0",
            "10_110_126_131_A0",
            "10_110_127_115_A0",
            "10_110_126_195_A1",
            "10_110_127_110_A1",
            "10_110_127_112_A1",
            "10_110_126_136_A1",
            "10_110_126_132_A1",
            "10_110_127_114_A1",
            "10_110_126_131_A1",
            "10_110_127_115_A1"
        ],
        "10_110_127_113_A1": [
            "10_110_126_195_A0",
            "10_110_127_110_A0",
            "10_110_127_112_A0",
            "10_110_126_136_A0",
            "10_110_126_132_A0",
            "10_110_127_114_A0",
            "10_110_126_131_A0",
            "10_110_127_115_A0",
            "10_110_126_195_A1",
            "10_110_127_110_A1",
            "10_110_127_112_A1",
            "10_110_126_136_A1",
            "10_110_126_132_A1",
            "10_110_127_114_A1",
            "10_110_126_131_A1",
            "10_110_127_115_A1"
        ],
        "10_110_126_129_A1": [
            "10_110_126_195_A0",
            "10_110_127_110_A0",
            "10_110_127_112_A0",
            "10_110_126_136_A0",
            "10_110_126_132_A0",
            "10_110_127_114_A0",
            "10_110_126_131_A0",
            "10_110_127_115_A0",
            "10_110_126_195_A1",
            "10_110_127_110_A1",
            "10_110_127_112_A1",
            "10_110_126_136_A1",
            "10_110_126_132_A1",
            "10_110_127_114_A1",
            "10_110_126_131_A1",
            "10_110_127_115_A1"
        ],
        "10_110_126_195_A0": [
            "10_110_127_109_A0",
            "10_110_127_111_A0",
            "10_110_126_135_A0",
            "10_110_126_134_A0",
            "10_110_127_113_A0",
            "10_110_126_129_A0",
            "10_110_127_109_A1",
            "10_110_127_111_A1",
            "10_110_126_135_A1",
            "10_110_126_134_A1",
            "10_110_127_113_A1",
            "10_110_126_129_A1"
        ],
        "10_110_127_110_A0": [
            "10_110_126_210_A0",
            "10_110_127_109_A0",
            "10_110_127_111_A0",
            "10_110_126_135_A0",
            "10_110_126_134_A0",
            "10_110_127_113_A0",
            "10_110_126_129_A0",
            "10_110_126_210_A1",
            "10_110_127_109_A1",
            "10_110_127_111_A1",
            "10_110_126_135_A1",
            "10_110_126_134_A1",
            "10_110_127_113_A1",
            "10_110_126_129_A1"
        ],
        "10_110_127_112_A0": [
            "10_110_126_210_A0",
            "10_110_127_109_A0",
            "10_110_127_111_A0",
            "10_110_126_135_A0",
            "10_110_126_134_A0",
            "10_110_127_113_A0",
            "10_110_126_129_A0",
            "10_110_126_210_A1",
            "10_110_127_109_A1",
            "10_110_127_111_A1",
            "10_110_126_135_A1",
            "10_110_126_134_A1",
            "10_110_127_113_A1",
            "10_110_126_129_A1"
        ],
        "10_110_126_136_A0": [
            "10_110_126_210_A0",
            "10_110_127_109_A0",
            "10_110_127_111_A0",
            "10_110_126_135_A0",
            "10_110_126_134_A0",
            "10_110_127_113_A0",
            "10_110_126_129_A0",
            "10_110_126_210_A1",
            "10_110_127_109_A1",
            "10_110_127_111_A1",
            "10_110_126_135_A1",
            "10_110_126_134_A1",
            "10_110_127_113_A1",
            "10_110_126_129_A1"
        ],
        "10_110_126_132_A0": [
            "10_110_126_210_A0",
            "10_110_127_109_A0",
            "10_110_127_111_A0",
            "10_110_126_135_A0",
            "10_110_126_134_A0",
            "10_110_127_113_A0",
            "10_110_126_129_A0",
            "10_110_126_210_A1",
            "10_110_127_109_A1",
            "10_110_127_111_A1",
            "10_110_126_135_A1",
            "10_110_126_134_A1",
            "10_110_127_113_A1",
            "10_110_126_129_A1"
        ],
        "10_110_127_114_A0": [
            "10_110_126_210_A0",
            "10_110_127_109_A0",
            "10_110_127_111_A0",
            "10_110_126_135_A0",
            "10_110_126_134_A0",
            "10_110_127_113_A0",
            "10_110_126_129_A0",
            "10_110_126_210_A1",
            "10_110_127_109_A1",
            "10_110_127_111_A1",
            "10_110_126_135_A1",
            "10_110_126_134_A1",
            "10_110_127_113_A1",
            "10_110_126_129_A1"
        ],
        "10_110_126_131_A0": [
            "10_110_126_210_A0",
            "10_110_127_109_A0",
            "10_110_127_111_A0",
            "10_110_126_135_A0",
            "10_110_126_134_A0",
            "10_110_127_113_A0",
            "10_110_126_129_A0",
            "10_110_126_210_A1",
            "10_110_127_109_A1",
            "10_110_127_111_A1",
            "10_110_126_135_A1",
            "10_110_126_134_A1",
            "10_110_127_113_A1",
            "10_110_126_129_A1"
        ],
        "10_110_127_115_A0": [
            "10_110_126_210_A0",
            "10_110_127_109_A0",
            "10_110_127_111_A0",
            "10_110_126_135_A0",
            "10_110_126_134_A0",
            "10_110_127_113_A0",
            "10_110_126_129_A0",
            "10_110_126_210_A1",
            "10_110_127_109_A1",
            "10_110_127_111_A1",
            "10_110_126_135_A1",
            "10_110_126_134_A1",
            "10_110_127_113_A1",
            "10_110_126_129_A1"
        ],
        "10_110_126_195_A1": [
            "10_110_126_210_A0",
            "10_110_127_109_A0",
            "10_110_127_111_A0",
            "10_110_126_135_A0",
            "10_110_126_134_A0",
            "10_110_127_113_A0",
            "10_110_126_129_A0",
            "10_110_126_210_A1",
            "10_110_127_109_A1",
            "10_110_127_111_A1",
            "10_110_126_135_A1",
            "10_110_126_134_A1",
            "10_110_127_113_A1",
            "10_110_126_129_A1"
        ],
        "10_110_127_110_A1": [
            "10_110_126_210_A0",
            "10_110_127_109_A0",
            "10_110_127_111_A0",
            "10_110_126_135_A0",
            "10_110_126_134_A0",
            "10_110_127_113_A0",
            "10_110_126_129_A0",
            "10_110_126_210_A1",
            "10_110_127_109_A1",
            "10_110_127_111_A1",
            "10_110_126_135_A1",
            "10_110_126_134_A1",
            "10_110_127_113_A1",
            "10_110_126_129_A1"
        ],
        "10_110_127_112_A1": [
            "10_110_126_210_A0",
            "10_110_127_109_A0",
            "10_110_127_111_A0",
            "10_110_126_135_A0",
            "10_110_126_134_A0",
            "10_110_127_113_A0",
            "10_110_126_129_A0",
            "10_110_126_210_A1",
            "10_110_127_109_A1",
            "10_110_127_111_A1",
            "10_110_126_135_A1",
            "10_110_126_134_A1",
            "10_110_127_113_A1",
            "10_110_126_129_A1"
        ],
        "10_110_126_136_A1": [
            "10_110_126_210_A0",
            "10_110_127_109_A0",
            "10_110_127_111_A0",
            "10_110_126_135_A0",
            "10_110_126_134_A0",
            "10_110_127_113_A0",
            "10_110_126_129_A0",
            "10_110_126_210_A1",
            "10_110_127_109_A1",
            "10_110_127_111_A1",
            "10_110_126_135_A1",
            "10_110_126_134_A1",
            "10_110_127_113_A1",
            "10_110_126_129_A1"
        ],
        "10_110_126_132_A1": [
            "10_110_126_210_A0",
            "10_110_127_109_A0",
            "10_110_127_111_A0",
            "10_110_126_135_A0",
            "10_110_126_134_A0",
            "10_110_127_113_A0",
            "10_110_126_129_A0",
            "10_110_126_210_A1",
            "10_110_127_109_A1",
            "10_110_127_111_A1",
            "10_110_126_135_A1",
            "10_110_126_134_A1",
            "10_110_127_113_A1",
            "10_110_126_129_A1"
        ],
        "10_110_127_114_A1": [
            "10_110_126_210_A0",
            "10_110_127_109_A0",
            "10_110_127_111_A0",
            "10_110_126_135_A0",
            "10_110_126_134_A0",
            "10_110_127_113_A0",
            "10_110_126_129_A0",
            "10_110_126_210_A1",
            "10_110_127_109_A1",
            "10_110_127_111_A1",
            "10_110_126_135_A1",
            "10_110_126_134_A1",
            "10_110_127_113_A1",
            "10_110_126_129_A1"
        ],
        "10_110_126_131_A1": [
            "10_110_126_210_A0",
            "10_110_127_109_A0",
            "10_110_127_111_A0",
            "10_110_126_135_A0",
            "10_110_126_134_A0",
            "10_110_127_113_A0",
            "10_110_126_129_A0",
            "10_110_126_210_A1",
            "10_110_127_109_A1",
            "10_110_127_111_A1",
            "10_110_126_135_A1",
            "10_110_126_134_A1",
            "10_110_127_113_A1",
            "10_110_126_129_A1"
        ],
        "10_110_127_115_A1": [
            "10_110_126_210_A0",
            "10_110_127_109_A0",
            "10_110_127_111_A0",
            "10_110_126_135_A0",
            "10_110_126_134_A0",
            "10_110_127_113_A0",
            "10_110_126_129_A0",
            "10_110_126_210_A1",
            "10_110_127_109_A1",
            "10_110_127_111_A1",
            "10_110_126_135_A1",
            "10_110_126_134_A1",
            "10_110_127_113_A1",
            "10_110_126_129_A1"
        ]
    },
    "resample_time_sec": 0.5,
    "trackerConfig": {
        "CLUSTER_DIST_THRESH_IN_M": 15.0,
        "MATCH_MAX_DIST_IN_M": 20.0,
        "CARRY_OVER_LIST_PRUNE_TIME_IN_SEC": 3.0
    }
}